{
  "ButtonNormal": "button_normal.png",
  "ButtonPress": "button_press.png",
  "ButtonHover": "button_hover.png",
  "TabImage": "tab.png",
  "FormImage": "form.png",
  "HeaderImage": "header.png",
  "DropdownImage": "dropdown.png",
  "LogoImage": "logo.png",
  "OutlineImage": null,
  "DropdownColor": "-12582848",
  "TextboxColor": "-1",
  "LabelColor": "-1",
  "TextboxBackColor": "-15395563",
  "InfopanelTextColor": "-1",
  "InfopanelBackcolor": "-14013910",
  "HeaderColor": "-16777216",
  "CloseButtonImage": "close_normal.png",
  "MinimizeButtonImage": "minimize_normal.png",
  "HeaderFont": "Arial Narrow, 12pt, style=Bold",
  "LabelFont": "Arial, 12pt",
  "TitleColor": "-1",
  "InfoSuccessColor": "-13107336",
  "InfoFailureColor": "-7864320",
  "TextboxFont": "Microsoft Sans Serif, 10pt",
  "StartPSO2ButtonFont": "Wingdings 3, 63.75pt, style=Italic",
  "ButtonColor": "-16777216",
  "ButtonFont": "Arial Narrow, 9pt",
  "DropdownFont": "Arial, 9pt, style=Italic",
  "TitleFont": "Arial Narrow, 9pt, style=Italic"
}