{
	"Version": 3,
	"Parameters": [
		{
			"Id": "ParamAngleX",
			"GroupId": "",
			"Name": "Angle X"
		},
		{
			"Id": "ParamAngleY",
			"GroupId": "",
			"Name": "Angle Y"
		},
		{
			"Id": "ParamAngleZ",
			"GroupId": "",
			"Name": "Angle Z"
		},
		{
			"Id": "ParamEyeLOpen",
			"GroupId": "",
			"Name": "EyeL Open"
		},
		{
			"Id": "ParamEyeLSmile",
			"GroupId": "",
			"Name": "EyeL Smile"
		},
		{
			"Id": "ParamEyeROpen",
			"GroupId": "",
			"Name": "EyeR Open"
		},
		{
			"Id": "ParamEyeRSmile",
			"GroupId": "",
			"Name": "EyeR Smile"
		},
		{
			"Id": "ParamEyeBallX",
			"GroupId": "",
			"Name": "Eyeball X"
		},
		{
			"Id": "ParamEyeBallY",
			"GroupId": "",
			"Name": "Eyeball Y"
		},
		{
			"Id": "ParamBrowLY",
			"GroupId": "",
			"Name": "BrowL Y"
		},
		{
			"Id": "ParamBrowRY",
			"GroupId": "",
			"Name": "BrowR Y"
		},
		{
			"Id": "ParamBrowLX",
			"GroupId": "",
			"Name": "BrowL X"
		},
		{
			"Id": "ParamBrowRX",
			"GroupId": "",
			"Name": "BrowR X"
		},
		{
			"Id": "ParamBrowLAngle",
			"GroupId": "",
			"Name": "BrowL Angle"
		},
		{
			"Id": "ParamBrowRAngle",
			"GroupId": "",
			"Name": "BrowR Angle"
		},
		{
			"Id": "ParamBrowLForm",
			"GroupId": "",
			"Name": "BrowL Form"
		},
		{
			"Id": "ParamBrowRForm",
			"GroupId": "",
			"Name": "BrowR Form"
		},
		{
			"Id": "ParamMouthForm",
			"GroupId": "",
			"Name": "Mouth Form"
		},
		{
			"Id": "ParamMouthOpenY",
			"GroupId": "",
			"Name": "Mouth Open"
		},
		{
			"Id": "ParamCheek",
			"GroupId": "",
			"Name": "Cheek"
		},
		{
			"Id": "ParamBodyAngleX",
			"GroupId": "",
			"Name": "Body X"
		},
		{
			"Id": "ParamBodyAngleY",
			"GroupId": "",
			"Name": "Body Y"
		},
		{
			"Id": "ParamBodyAngleZ",
			"GroupId": "",
			"Name": "Body Z"
		},
		{
			"Id": "ParamBreath",
			"GroupId": "",
			"Name": "Breath"
		},
		{
			"Id": "ParamCape",
			"GroupId": "",
			"Name": "Cape"
		},
		{
			"Id": "ParamHairFront",
			"GroupId": "",
			"Name": "Hair Move Front"
		},
		{
			"Id": "ParamHairSide",
			"GroupId": "",
			"Name": "Hair Move Side"
		},
		{
			"Id": "ParamHairL",
			"GroupId": "",
			"Name": "HairL"
		},
		{
			"Id": "ParamHairR",
			"GroupId": "",
			"Name": "HairR"
		},
		{
			"Id": "ParamHairBackSide",
			"GroupId": "",
			"Name": "HairBackSide"
		},
		{
			"Id": "ParamHairBack",
			"GroupId": "",
			"Name": "Hair Move Back"
		},
		{
			"Id": "ParamBreastsX",
			"GroupId": "",
			"Name": "BreastsX"
		},
		{
			"Id": "ParamBreastsY",
			"GroupId": "",
			"Name": "BreastsY"
		},
		{
			"Id": "ParamArmL",
			"GroupId": "",
			"Name": "ArmL"
		},
		{
			"Id": "ParamArmR",
			"GroupId": "",
			"Name": "ArmR"
		},
		{
			"Id": "ParamHorn",
			"GroupId": "",
			"Name": "HornRibbons"
		},
		{
			"Id": "ParamTopSkirt",
			"GroupId": "",
			"Name": "TopSkirt"
		},
		{
			"Id": "ParamBSkirt",
			"GroupId": "",
			"Name": "BottomSkirt"
		},
		{
			"Id": "ParamArmFrillL",
			"GroupId": "",
			"Name": "ArmFrillL"
		},
		{
			"Id": "ParamArmFrillR",
			"GroupId": "",
			"Name": "ArmFrillR"
		}
	],
	"ParameterGroups": [],
	"Parts": [
		{
			"Id": "Head",
			"Name": "Head"
		},
		{
			"Id": "Body",
			"Name": "Body"
		}
	],
	"CombinedParameters": [
		[
			"ParamAngleX",
			"ParamAngleY"
		],
		[
			"ParamEyeBallX",
			"ParamEyeBallY"
		]
	]
}